<Ui xmlns="http://www.blizzard.com/wow/ui/" xmlns:xsi="http://www.w3.org/2001/XMLSchema-instance" xsi:schemaLocation="http://www.blizzard.com/wow/ui/
	..\FrameXML\UI.xsd">
	<!-- Core Libs -->
	<Script file="LibStub\LibStub.lua"/>
	<Include file="CallbackHandler-1.0\CallbackHandler-1.0.xml"/>
	<!-- UI Libs -->
	<Include file="lib-st\lib-st.xml"/>
	<Include file="LibCandyBar-3.0\lib.xml"/>
	<Include file="LibCandyBar-3.0\embeds.xml"/>
	<Script file="LibDataBroker-1.1\LibDataBroker-1.1.lua"/>
	<Include file="LibDBIcon-1.0\LibDBIcon-1.0\lib.xml"/>
	<Script file="LibUIDropDownMenu\LibUIDropDownMenu\LibUIDropDownMenu.lua"/>
	<Script file="LibDeformat-3.0\LibDeformat-3.0.lua"/>
	<Script file="LibExpiringTimer\LibExpiringTimer.lua"/>
	<Include file="LibSharedMedia-3.0\lib.xml"/>
	<!-- Data Libs -->
	<Include file="LibDeflate\lib.xml"/>
	<Include file="LibSerialize\lib.xml"/>
	<Include file="LibLogger\lib.xml"/>
	<Include file="LibEventSourcing\LibEventSourcing.xml"/>
	<Include file="LibEventDispatcher\LibEventDispatcher.xml"/>
	<!-- ACE3 -->
	<Include file="Ace3\AceAddon-3.0\AceAddon-3.0.xml"/>
	<Include file="Ace3\AceEvent-3.0\AceEvent-3.0.xml"/>
	<Include file="Ace3\AceTimer-3.0\AceTimer-3.0.xml"/>
	<Include file="Ace3\AceBucket-3.0\AceBucket-3.0.xml"/>
	<Include file="Ace3\AceHook-3.0\AceHook-3.0.xml"/>
	<Include file="Ace3\AceConsole-3.0\AceConsole-3.0.xml"/>
	<Include file="Ace3\AceGUI-3.0\AceGUI-3.0.xml"/>
	<Include file="Ace3\AceConfig-3.0\AceConfig-3.0.xml"/>
	<Include file="Ace3\AceComm-3.0\AceComm-3.0.xml"/>
	<Include file="AceGUI-3.0-SharedMediaWidgets\widget.xml"/>
</Ui>