<Ui xmlns="http://www.blizzard.com/wow/ui/" xmlns:xsi="http://www.w3.org/2001/XMLSchema-instance" xsi:schemaLocation="http://www.blizzard.com/wow/ui/
	..\FrameXML\UI.xsd">
	<Include file="Changelog\_filelist.xml"/>
	<Include file="ACL\_filelist.xml"/>
	<Include file="EventManager\_filelist.xml"/>
	<Include file="Database\_filelist.xml"/>
	<Include file="Comms\_filelist.xml"/>
	<Include file="ConfigManager\_filelist.xml"/>
	<Include file="Logger\_filelist.xml"/>
	<Include file="Hooks\_filelist.xml"/>
	<Include file="Version\_filelist.xml"/>
</Ui>